{
  "geo_lat": 9.364573297048453e+17,
  "geo_lon": 6.576879846799329e+17,
  "building_type": 4.659446388959478e+17,
  "level": 2.15493063188267e+17,
  "levels": 1.1240922459660452e+18,
  "area": 1.5546726692020666e+19,
  "kitchen_area": 9.712349190069289e+17,
  "object_type": 7.740680865257882e+16,
  "year": 6.382240400275866e+17,
  "month": 1.9647577739686707e+17,
  "level_to_levels": 2.8583259101002138e+17,
  "area_to_rooms": 9.476582082454815e+17,
  "cafes_0.012": 8.351053168914432e+17,
  "cafes_0.08": 1.7250021571890053e+18
}